,precision,recall,f1-score,support
Ink,0.9580899532710281,0.854296875,0.9032213656387665,15360.0
Pencil,0.6102351313969572,0.9191666666666667,0.7334995843724024,2400.0
Pigment,0.6568725099601593,0.9159722222222222,0.7650812064965197,1440.0
Substrate,0.8722860791826309,0.85375,0.8629185091598232,5600.0
accuracy,0.8640322580645161,0.8640322580645161,0.8640322580645161,0.8640322580645161
macro avg,0.7743709184526939,0.8857964409722221,0.816180166416878,24800.0
weighted avg,0.887561469974236,0.8640322580645161,0.8696749906191621,24800.0
