,Ink,Pencil,Pigment,Substrate
Ink,0.854296875,0.08157552083333333,0.02421875,0.03990885416666667
Pencil,0.05333333333333334,0.9191666666666667,0.0,0.0275
Pigment,0.0625,0.006944444444444444,0.9159722222222222,0.014583333333333334
Substrate,0.06357142857142857,0.026071428571428572,0.056607142857142856,0.85375
