,precision,recall,f1-score,support
Ink,0.9570516540917006,0.8588541666666667,0.9052978314575899,15360.0
Pencil,0.6036916395222585,0.9266666666666666,0.7310979618671927,2400.0
Pigment,0.6960629921259842,0.9208333333333333,0.7928251121076233,1440.0
Substrate,0.8839137645107794,0.8566071428571429,0.8700462501133581,5600.0
accuracy,0.868508064516129,0.868508064516129,0.868508064516129,0.868508064516129
macro avg,0.7851800125626806,0.8907403273809524,0.824816788886441,24800.0
weighted avg,0.8911863359525697,0.868508064516129,0.8739490710378883,24800.0
