,precision,recall,f1-score,support
Ink,0.9230384807596201,0.9619791666666667,0.9421066054577913,15360.0
Pencil,0.8761022927689595,0.8279166666666666,0.8513281919451585,2400.0
Pigment,0.8962536023054755,0.8638888888888889,0.8797736916548797,1440.0
Substrate,0.919392523364486,0.8432142857142857,0.8796572280178837,5600.0
accuracy,0.916491935483871,0.916491935483871,0.916491935483871,0.916491935483871
macro avg,0.9036967247996353,0.874249751984127,0.8882164292689283,24800.0
weighted avg,0.9161177373094465,0.916491935483871,0.9156007948944851,24800.0
