,Ink,Pencil,Pigment,Substrate
Ink,0.9619791666666667,0.013932291666666667,0.004231770833333333,0.019856770833333332
Pencil,0.14958333333333335,0.8279166666666666,0.0,0.0225
Pigment,0.09722222222222222,0.0006944444444444445,0.8638888888888889,0.03819444444444445
Substrate,0.13089285714285714,0.011785714285714287,0.014107142857142856,0.8432142857142857
