model_path,accuracy,macro_f1,weighted_f1,macro_f1_mean,macro_f1_ci_low,macro_f1_ci_high
models/best_balanced_random_forest.joblib,0.868508064516129,0.824816788886441,0.8739490710378883,0.8249084290733747,0.8195918053022043,0.8304379928679465
