split,n,macro_f1,weighted_f1
train,81440,0.9926113010607281,0.9941904244149957
val,21760,0.9920095887635911,0.9930409639071633
test,24800,0.8882164292689283,0.9156007948944851
