component,explained_variance_ratio
PC1,0.9002502463327545
PC2,0.08655777004881716
