model,accuracy,macro_f1,weighted_f1
random_forest,1.0,1.0,1.0
logreg,0.9979166666666667,0.997916646321416,0.9979166463214159
linear_svm,0.9958333333333333,0.9958331705665587,0.9958331705665586
